ticket_id,visit_date,arrival_time_local,trigger,hub_ids,panel_ids,reported_issue,finding,action_taken,fault_found,root_cause,category,tech_hours,parts_cost_usd,parts_used,truck_roll_cost_usd
SR-1001,2025-09-18,09:00,scheduled,ALL,ALL,90 day post commissioning inspection,"All modules, racking, and combiner in good order","Visual inspection, torque check on 10% of clamps",N,,n/a,3.0,0,,350
SR-1002,2025-10-09,13:30,customer_call,H05,P13;P14;P15,"Customer reports output down all week, suspects bad panels",No fault found. Panels test within spec. Low output matches overcast week,IV spot check on 3 panels,N,overcast weather,weather,2.5,0,,350
SR-1003,2025-11-07,11:15,customer_call,H05;H06;H07;H08,P13;P14;P15;P16;P17;P18;P19;P20;P21;P22;P23;P24,Row 2 producing nothing since Nov 4,String S2 fuse open in combiner box; string at open circuit,"Replaced 15 A string fuse and fuse holder, verified string current",Y,"blown string fuse, fuse holder heat discoloration",string_outage,3.0,85,"fuse, fuse holder",350
SR-1004,2025-11-24,10:00,monitoring_alert,H04,P10;P11;P12,Hub H04 offline,Hub power supply breaker had tripped; reset. Hub back online,Reset breaker,N,hub power,hub_comms,1.0,0,,350
SR-1005,2025-12-10,12:00,customer_call,ALL,ALL,Array output very low since the weekend,"No fault found. About 19 in of lake effect snow Dec 7 to 9, panels buried","None, advised customer to wait for melt",N,snow cover,weather,1.5,0,,350
SR-1006,2025-12-18,10:30,customer_call,H08,P22,Customer noticed one panel icon flickering to zero on monitoring portal,"Loose MC4 connector on P22 junction box lead, light arcing marks","Reseated connector, added strain relief",Y,loose connector,wiring,1.5,12,strain relief clip,350
SR-1007,2026-01-21,11:00,customer_call,ALL,ALL,Whole array near zero since the storm,"No fault found. About 30 in on the ground after the storm, all rows buried, sky clear","None, roof unsafe to clear",N,snow cover,weather,1.5,0,,350
SR-1008,2026-01-26,10:30,customer_call,ALL,ALL,"Still low a week after storm, row 3 worst","No fault found. Rows 1 and 2 partly shed, row 3 drifted against parapet",None,N,snow cover and drift,weather,1.5,0,,350
SR-1009,2026-02-24,11:00,monitoring_alert,H08,P22,P22 dropping out again,Same connector loose again. Connector halves are from two different manufacturers (cross mated),"Reseated connector, zip tie strain relief. Matched pair ordered",Y,cross mated connectors,wiring,1.5,0,,350
SR-1010,2026-03-03,13:00,customer_call,ALL,ALL,"Production low, row 3 worse than others",No fault found. Residual snow on rows after Mar 1 to 2 snowfall,None,N,snow cover,weather,1.0,0,,350
SR-1011,2026-03-19,10:00,monitoring_alert,H09,P25;P26;P27,Hub H09 humidity reading stuck at 100%,"Condensation inside H09 sensor housing, gasket not seated",Dried housing and reseated gasket. Sensor not replaced. Reading still 100% on departure,N,hub sensor moisture,hub_sensor,1.0,0,,350
SR-1012,2026-04-28,12:30,monitoring_alert,H12,P34,Low morning output alerts on P34,"No fault found. Panel output normal at time of visit (dry, sunny midday)","Visual inspection, IV curve normal",N,,unknown,1.5,0,,350
SR-1013,2026-05-01,10:45,monitoring_alert,H08,P22,"P22 intermittent zero output, third time",Connector loose with corrosion on contacts. Replaced panel side connector only; matched pair not on truck,Replaced panel side MC4 connector,Y,cross mated connectors,wiring,2.0,18,MC4 connector (panel side),350
SR-1014,2026-05-06,09:30,monitoring_alert,H11,P31;P32;P33,Hub H11 offline 2 days,"Hub back online on arrival, carrier outage in the area",None,N,cellular outage,hub_comms,1.0,0,,350
SR-1015,2026-05-14,08:00,scheduled,ALL,ALL,Annual cleaning and inspection,"Light soiling rows 1 and 2, heavier dirt line on bottom edge of row 3. No visible module defects on any panel","Washed full array, visual inspection",N,soiling,weather,5.0,450,,350
SR-1016,2026-06-16,14:00,customer_call,ALL,ALL,Output dropped a lot this week,No fault found. Five straight days of overcast and rain,None,N,overcast weather,weather,1.0,0,,350
SR-1017,2026-07-17,13:00,customer_call,ALL,ALL,Output down about 10% in the afternoons,"No fault found. Heat wave, module temps 60 to 70 C. Normal temperature derate",None,N,high temperature,weather,1.0,0,,350
SR-1018,2026-08-12,11:30,customer_call,ALL,ALL,Array production down several percent over the summer,"No fault found. Dry spell soiling, dust film on all rows",Recommended cleaning; customer declined with rain in forecast,N,soiling,weather,1.0,0,,350
