STATION,NAME,DATE,AWND,PRCP,SNOW,SNWD,TAVG,TMAX,TMIN,ACSH,WT01,WT03,WT18
USW00014733,"BUFFALO NIAGARA INTERNATIONAL, NY US",2025-09-01,10.1,0.07,0.0,0.0,66,73,59,89,,,
USW00014733,"BUFFALO NIAGARA INTERNATIONAL, NY US",2025-09-02,6.7,0.19,0.0,0.0,63,71,54,86,1,,
USW00014733,"BUFFALO NIAGARA INTERNATIONAL, NY US",2025-09-03,10.3,0.0,0.0,0.0,68,79,58,68,,,
USW00014733,"BUFFALO NIAGARA INTERNATIONAL, NY US",2025-09-04,12.3,0.0,0.0,0.0,70,78,62,98,,,
USW00014733,"BUFFALO NIAGARA INTERNATIONAL, NY US",2025-09-05,5.7,0.0,0.0,0.0,71,80,61,64,,,
USW00014733,"BUFFALO NIAGARA INTERNATIONAL, NY US",2025-09-06,6.4,1.6,0.0,0.0,71,79,63,88,,1,
USW00014733,"BUFFALO NIAGARA INTERNATIONAL, NY US",2025-09-07,5.3,0.09,0.0,0.0,72,82,62,51,,,
USW00014733,"BUFFALO NIAGARA INTERNATIONAL, NY US",2025-09-08,5.7,0.24,0.0,0.0,63,72,53,65,,,
USW00014733,"BUFFALO NIAGARA INTERNATIONAL, NY US",2025-09-09,2.7,0.0,0.0,0.0,60,69,51,69,,,
USW00014733,"BUFFALO NIAGARA INTERNATIONAL, NY US",2025-09-10,4.1,0.0,0.0,0.0,54,64,44,64,,,
USW00014733,"BUFFALO NIAGARA INTERNATIONAL, NY US",2025-09-11,9.4,0.29,0.0,0.0,56,66,45,86,1,,
USW00014733,"BUFFALO NIAGARA INTERNATIONAL, NY US",2025-09-12,5.5,0.41,0.0,0.0,58,67,49,95,,1,
USW00014733,"BUFFALO NIAGARA INTERNATIONAL, NY US",2025-09-13,9.2,0.3,0.0,0.0,59,67,52,57,,,
USW00014733,"BUFFALO NIAGARA INTERNATIONAL, NY US",2025-09-14,4.6,0.0,0.0,0.0,61,68,53,58,,,
USW00014733,"BUFFALO NIAGARA INTERNATIONAL, NY US",2025-09-15,6.2,0.0,0.0,0.0,66,75,57,45,,,
USW00014733,"BUFFALO NIAGARA INTERNATIONAL, NY US",2025-09-16,4.5,0.0,0.0,0.0,63,74,52,90,,,
USW00014733,"BUFFALO NIAGARA INTERNATIONAL, NY US",2025-09-17,6.6,0.06,0.0,0.0,66,75,56,48,,,
USW00014733,"BUFFALO NIAGARA INTERNATIONAL, NY US",2025-09-18,2.9,0.0,0.0,0.0,65,73,56,97,1,,
USW00014733,"BUFFALO NIAGARA INTERNATIONAL, NY US",2025-09-19,13.1,0.0,0.0,0.0,61,70,52,9,,,
USW00014733,"BUFFALO NIAGARA INTERNATIONAL, NY US",2025-09-20,6.1,0.0,0.0,0.0,59,70,48,100,,,
USW00014733,"BUFFALO NIAGARA INTERNATIONAL, NY US",2025-09-21,7.5,0.07,0.0,0.0,56,65,47,61,,,
USW00014733,"BUFFALO NIAGARA INTERNATIONAL, NY US",2025-09-22,19.3,0.0,0.0,0.0,60,70,51,93,,,
USW00014733,"BUFFALO NIAGARA INTERNATIONAL, NY US",2025-09-23,10.0,0.0,0.0,0.0,58,65,51,93,,,
USW00014733,"BUFFALO NIAGARA INTERNATIONAL, NY US",2025-09-24,7.6,0.11,0.0,0.0,57,64,50,90,1,,
USW00014733,"BUFFALO NIAGARA INTERNATIONAL, NY US",2025-09-25,10.9,0.0,0.0,0.0,56,64,48,60,,,
USW00014733,"BUFFALO NIAGARA INTERNATIONAL, NY US",2025-09-26,6.6,0.09,0.0,0.0,57,67,47,95,,,
USW00014733,"BUFFALO NIAGARA INTERNATIONAL, NY US",2025-09-27,6.0,0.29,0.0,0.0,58,68,49,86,1,,
USW00014733,"BUFFALO NIAGARA INTERNATIONAL, NY US",2025-09-28,7.5,0.07,0.0,0.0,60,67,53,48,,,
USW00014733,"BUFFALO NIAGARA INTERNATIONAL, NY US",2025-09-29,13.1,0.0,0.0,0.0,62,69,54,46,,,
USW00014733,"BUFFALO NIAGARA INTERNATIONAL, NY US",2025-09-30,6.1,0.0,0.0,0.0,61,72,50,10,,,
USW00014733,"BUFFALO NIAGARA INTERNATIONAL, NY US",2025-10-01,11.4,0.0,0.0,0.0,63,71,54,47,,,
USW00014733,"BUFFALO NIAGARA INTERNATIONAL, NY US",2025-10-02,10.3,0.18,0.0,0.0,60,66,54,92,1,,
USW00014733,"BUFFALO NIAGARA INTERNATIONAL, NY US",2025-10-03,9.0,0.0,0.0,0.0,62,72,51,44,,,
USW00014733,"BUFFALO NIAGARA INTERNATIONAL, NY US",2025-10-04,4.2,0.39,0.0,0.0,59,67,52,60,,,
USW00014733,"BUFFALO NIAGARA INTERNATIONAL, NY US",2025-10-05,11.0,0.11,0.0,0.0,53,60,46,98,,,
USW00014733,"BUFFALO NIAGARA INTERNATIONAL, NY US",2025-10-06,3.0,0.12,0.0,0.0,53,60,46,91,,,
USW00014733,"BUFFALO NIAGARA INTERNATIONAL, NY US",2025-10-07,6.1,0.16,0.0,0.0,53,60,47,85,,,
USW00014733,"BUFFALO NIAGARA INTERNATIONAL, NY US",2025-10-08,8.3,0.07,0.0,0.0,52,56,47,100,,,
USW00014733,"BUFFALO NIAGARA INTERNATIONAL, NY US",2025-10-09,11.9,0.19,0.0,0.0,54,61,46,85,1,,
USW00014733,"BUFFALO NIAGARA INTERNATIONAL, NY US",2025-10-10,10.1,0.03,0.0,0.0,56,63,48,22,,,
USW00014733,"BUFFALO NIAGARA INTERNATIONAL, NY US",2025-10-11,4.9,0.36,0.0,0.0,52,61,44,90,,,
USW00014733,"BUFFALO NIAGARA INTERNATIONAL, NY US",2025-10-12,5.6,0.0,0.0,0.0,54,63,46,89,,,
USW00014733,"BUFFALO NIAGARA INTERNATIONAL, NY US",2025-10-13,8.6,0.0,0.0,0.0,46,54,38,57,,,
USW00014733,"BUFFALO NIAGARA INTERNATIONAL, NY US",2025-10-14,11.2,0.0,0.0,0.0,48,54,41,44,,,
USW00014733,"BUFFALO NIAGARA INTERNATIONAL, NY US",2025-10-15,4.7,0.06,0.0,0.0,51,59,43,58,,,
USW00014733,"BUFFALO NIAGARA INTERNATIONAL, NY US",2025-10-16,10.7,0.0,0.0,0.0,49,57,41,94,1,,
USW00014733,"BUFFALO NIAGARA INTERNATIONAL, NY US",2025-10-17,13.6,0.0,0.0,0.0,51,59,44,66,,,
USW00014733,"BUFFALO NIAGARA INTERNATIONAL, NY US",2025-10-18,9.7,0.0,0.0,0.0,50,57,42,100,1,,
USW00014733,"BUFFALO NIAGARA INTERNATIONAL, NY US",2025-10-19,2.2,0.54,0.0,0.0,50,58,42,45,,,
USW00014733,"BUFFALO NIAGARA INTERNATIONAL, NY US",2025-10-20,7.4,0.0,0.0,0.0,52,59,44,53,,,
USW00014733,"BUFFALO NIAGARA INTERNATIONAL, NY US",2025-10-21,8.3,0.0,0.0,0.0,52,60,44,96,,,
USW00014733,"BUFFALO NIAGARA INTERNATIONAL, NY US",2025-10-22,7.2,0.2,0.0,0.0,49,54,44,93,,,
USW00014733,"BUFFALO NIAGARA INTERNATIONAL, NY US",2025-10-23,8.4,0.0,0.0,0.0,48,53,43,41,,,
USW00014733,"BUFFALO NIAGARA INTERNATIONAL, NY US",2025-10-24,5.3,0.02,0.0,0.0,49,56,42,69,,,
USW00014733,"BUFFALO NIAGARA INTERNATIONAL, NY US",2025-10-25,7.1,0.06,0.0,0.0,49,57,42,91,,,
USW00014733,"BUFFALO NIAGARA INTERNATIONAL, NY US",2025-10-26,3.9,0.0,0.0,0.0,47,53,40,43,,,
USW00014733,"BUFFALO NIAGARA INTERNATIONAL, NY US",2025-10-27,7.5,0.0,0.0,0.0,49,56,42,23,,,
USW00014733,"BUFFALO NIAGARA INTERNATIONAL, NY US",2025-10-28,10.0,0.14,0.0,0.0,44,50,37,88,,,
USW00014733,"BUFFALO NIAGARA INTERNATIONAL, NY US",2025-10-29,6.7,0.24,0.0,0.0,45,52,38,86,,,
USW00014733,"BUFFALO NIAGARA INTERNATIONAL, NY US",2025-10-30,7.1,0.0,0.0,0.0,43,51,34,13,,,
USW00014733,"BUFFALO NIAGARA INTERNATIONAL, NY US",2025-10-31,4.3,0.0,0.0,0.0,45,51,38,86,1,,
USW00014733,"BUFFALO NIAGARA INTERNATIONAL, NY US",2025-11-01,18.6,0.0,0.0,0.0,46,54,39,69,,,
USW00014733,"BUFFALO NIAGARA INTERNATIONAL, NY US",2025-11-02,6.4,0.0,0.0,0.0,53,62,44,62,,,
USW00014733,"BUFFALO NIAGARA INTERNATIONAL, NY US",2025-11-03,16.0,0.0,0.0,0.0,47,55,38,22,,,
USW00014733,"BUFFALO NIAGARA INTERNATIONAL, NY US",2025-11-04,7.9,0.0,0.0,0.0,46,55,37,57,,,
USW00014733,"BUFFALO NIAGARA INTERNATIONAL, NY US",2025-11-05,13.9,0.0,0.0,0.0,45,51,39,18,,,
USW00014733,"BUFFALO NIAGARA INTERNATIONAL, NY US",2025-11-06,10.3,0.0,0.0,0.0,44,54,35,64,,,
USW00014733,"BUFFALO NIAGARA INTERNATIONAL, NY US",2025-11-07,14.3,0.0,0.0,0.0,44,53,34,43,,,
USW00014733,"BUFFALO NIAGARA INTERNATIONAL, NY US",2025-11-08,5.7,0.0,0.0,0.0,45,55,36,42,,,
USW00014733,"BUFFALO NIAGARA INTERNATIONAL, NY US",2025-11-09,16.5,0.11,0.0,0.0,44,51,37,53,,,
USW00014733,"BUFFALO NIAGARA INTERNATIONAL, NY US",2025-11-10,5.4,1.04,0.0,0.0,41,48,34,59,,,
USW00014733,"BUFFALO NIAGARA INTERNATIONAL, NY US",2025-11-11,11.5,0.22,0.0,0.0,44,51,37,98,,,
USW00014733,"BUFFALO NIAGARA INTERNATIONAL, NY US",2025-11-12,8.7,0.27,0.0,0.0,44,51,36,63,,,
USW00014733,"BUFFALO NIAGARA INTERNATIONAL, NY US",2025-11-13,13.9,0.0,0.0,0.0,46,50,41,92,,,
USW00014733,"BUFFALO NIAGARA INTERNATIONAL, NY US",2025-11-14,8.8,0.01,0.0,0.0,47,54,41,66,,,
USW00014733,"BUFFALO NIAGARA INTERNATIONAL, NY US",2025-11-15,9.0,0.0,0.0,0.0,47,54,40,94,,,
USW00014733,"BUFFALO NIAGARA INTERNATIONAL, NY US",2025-11-16,23.2,0.08,0.0,0.0,43,50,36,97,1,,
USW00014733,"BUFFALO NIAGARA INTERNATIONAL, NY US",2025-11-17,10.1,0.37,0.0,0.0,50,58,43,57,,,
USW00014733,"BUFFALO NIAGARA INTERNATIONAL, NY US",2025-11-18,3.1,0.0,0.0,0.0,42,48,36,91,,,
USW00014733,"BUFFALO NIAGARA INTERNATIONAL, NY US",2025-11-19,6.2,0.51,0.0,0.0,36,43,29,89,,,
USW00014733,"BUFFALO NIAGARA INTERNATIONAL, NY US",2025-11-20,10.0,0.0,0.0,0.0,43,50,36,96,1,,
USW00014733,"BUFFALO NIAGARA INTERNATIONAL, NY US",2025-11-21,7.1,0.0,0.0,0.0,46,53,39,40,,,
USW00014733,"BUFFALO NIAGARA INTERNATIONAL, NY US",2025-11-22,12.7,0.11,0.0,0.0,43,49,37,43,,,
USW00014733,"BUFFALO NIAGARA INTERNATIONAL, NY US",2025-11-23,8.6,0.17,0.0,0.0,42,48,36,94,1,,
USW00014733,"BUFFALO NIAGARA INTERNATIONAL, NY US",2025-11-24,4.9,0.0,0.0,0.0,34,41,28,92,,,
USW00014733,"BUFFALO NIAGARA INTERNATIONAL, NY US",2025-11-25,9.7,0.0,0.0,0.0,38,45,32,92,,,
USW00014733,"BUFFALO NIAGARA INTERNATIONAL, NY US",2025-11-26,10.4,0.18,0.0,0.0,36,42,29,50,,,
USW00014733,"BUFFALO NIAGARA INTERNATIONAL, NY US",2025-11-27,6.7,0.18,0.0,0.0,36,40,32,53,,,
USW00014733,"BUFFALO NIAGARA INTERNATIONAL, NY US",2025-11-28,23.0,0.66,0.0,0.0,39,45,34,86,,,
USW00014733,"BUFFALO NIAGARA INTERNATIONAL, NY US",2025-11-29,16.8,0.0,0.0,0.0,36,43,29,90,,,
USW00014733,"BUFFALO NIAGARA INTERNATIONAL, NY US",2025-11-30,14.6,0.0,0.0,0.0,39,46,32,52,,,
USW00014733,"BUFFALO NIAGARA INTERNATIONAL, NY US",2025-12-01,9.3,0.16,0.0,0.0,44,52,36,87,1,,
USW00014733,"BUFFALO NIAGARA INTERNATIONAL, NY US",2025-12-02,9.5,0.28,0.0,0.0,37,44,31,90,,,
USW00014733,"BUFFALO NIAGARA INTERNATIONAL, NY US",2025-12-03,10.8,0.13,0.0,0.0,37,44,31,98,,,
USW00014733,"BUFFALO NIAGARA INTERNATIONAL, NY US",2025-12-04,6.2,0.13,0.0,0.0,39,47,31,97,,,
USW00014733,"BUFFALO NIAGARA INTERNATIONAL, NY US",2025-12-05,14.6,0.24,0.0,0.0,36,42,30,100,1,,
USW00014733,"BUFFALO NIAGARA INTERNATIONAL, NY US",2025-12-06,8.1,0.01,0.2,0.0,34,39,29,41,,,1
USW00014733,"BUFFALO NIAGARA INTERNATIONAL, NY US",2025-12-07,9.2,0.45,5.9,6.0,22,26,17,94,,,1
USW00014733,"BUFFALO NIAGARA INTERNATIONAL, NY US",2025-12-08,10.1,0.7,9.4,15.0,20,25,15,90,1,,1
USW00014733,"BUFFALO NIAGARA INTERNATIONAL, NY US",2025-12-09,9.8,0.3,3.8,18.0,21,24,18,86,,,1
USW00014733,"BUFFALO NIAGARA INTERNATIONAL, NY US",2025-12-10,5.0,0.0,0.0,17.0,20,25,15,10,,,
USW00014733,"BUFFALO NIAGARA INTERNATIONAL, NY US",2025-12-11,7.7,0.0,0.0,16.0,22,29,15,9,,,
USW00014733,"BUFFALO NIAGARA INTERNATIONAL, NY US",2025-12-12,8.8,0.0,0.0,15.0,21,28,14,23,,,
USW00014733,"BUFFALO NIAGARA INTERNATIONAL, NY US",2025-12-13,7.3,0.0,0.0,15.0,22,27,17,9,,,
USW00014733,"BUFFALO NIAGARA INTERNATIONAL, NY US",2025-12-14,10.6,0.0,0.0,12.0,38,45,32,54,,,
USW00014733,"BUFFALO NIAGARA INTERNATIONAL, NY US",2025-12-15,13.9,0.0,0.0,10.0,37,44,30,55,,,
USW00014733,"BUFFALO NIAGARA INTERNATIONAL, NY US",2025-12-16,10.5,0.0,0.0,8.0,37,43,31,69,,,
USW00014733,"BUFFALO NIAGARA INTERNATIONAL, NY US",2025-12-17,6.9,0.0,0.0,8.0,22,28,16,91,,,
USW00014733,"BUFFALO NIAGARA INTERNATIONAL, NY US",2025-12-18,10.1,0.2,2.7,10.0,28,32,25,95,,,1
USW00014733,"BUFFALO NIAGARA INTERNATIONAL, NY US",2025-12-19,7.6,0.42,5.4,15.0,31,37,26,90,,,1
USW00014733,"BUFFALO NIAGARA INTERNATIONAL, NY US",2025-12-20,12.4,0.05,0.6,15.0,31,38,25,88,,,1
USW00014733,"BUFFALO NIAGARA INTERNATIONAL, NY US",2025-12-21,21.9,0.12,1.5,16.0,28,34,22,87,,,1
USW00014733,"BUFFALO NIAGARA INTERNATIONAL, NY US",2025-12-22,20.0,0.06,0.7,16.0,28,35,21,96,,,1
USW00014733,"BUFFALO NIAGARA INTERNATIONAL, NY US",2025-12-23,1.0,0.0,0.0,15.0,29,37,22,46,,,
USW00014733,"BUFFALO NIAGARA INTERNATIONAL, NY US",2025-12-24,8.0,0.0,0.0,14.0,27,31,22,50,,,
USW00014733,"BUFFALO NIAGARA INTERNATIONAL, NY US",2025-12-25,21.1,0.47,6.2,20.0,31,37,25,96,1,,1
USW00014733,"BUFFALO NIAGARA INTERNATIONAL, NY US",2025-12-26,7.7,0.08,1.2,20.0,16,20,12,98,,,1
USW00014733,"BUFFALO NIAGARA INTERNATIONAL, NY US",2025-12-27,5.8,0.48,6.7,25.0,13,18,8,96,1,,1
USW00014733,"BUFFALO NIAGARA INTERNATIONAL, NY US",2025-12-28,14.4,0.16,2.2,26.0,22,28,17,97,,,1
USW00014733,"BUFFALO NIAGARA INTERNATIONAL, NY US",2025-12-29,12.3,0.14,1.8,27.0,32,38,25,89,,,1
USW00014733,"BUFFALO NIAGARA INTERNATIONAL, NY US",2025-12-30,6.5,0.0,0.0,25.0,32,39,26,60,,,
USW00014733,"BUFFALO NIAGARA INTERNATIONAL, NY US",2025-12-31,17.9,0.0,0.0,23.0,36,44,29,51,,,
USW00014733,"BUFFALO NIAGARA INTERNATIONAL, NY US",2026-01-01,14.7,0.0,0.0,21.0,36,43,28,63,,,
USW00014733,"BUFFALO NIAGARA INTERNATIONAL, NY US",2026-01-02,10.2,0.0,0.0,18.0,38,47,30,98,,,
USW00014733,"BUFFALO NIAGARA INTERNATIONAL, NY US",2026-01-03,8.6,0.47,0.0,14.0,38,47,28,88,1,,
USW00014733,"BUFFALO NIAGARA INTERNATIONAL, NY US",2026-01-04,2.2,0.17,0.0,12.0,36,43,28,86,,,
USW00014733,"BUFFALO NIAGARA INTERNATIONAL, NY US",2026-01-05,10.6,0.0,0.0,12.0,30,35,25,88,,,
USW00014733,"BUFFALO NIAGARA INTERNATIONAL, NY US",2026-01-06,8.4,0.0,0.0,11.0,19,23,14,91,,,
USW00014733,"BUFFALO NIAGARA INTERNATIONAL, NY US",2026-01-07,18.0,0.0,0.0,11.0,21,26,17,93,1,,
USW00014733,"BUFFALO NIAGARA INTERNATIONAL, NY US",2026-01-08,10.4,0.0,0.0,10.0,21,29,14,85,,,
USW00014733,"BUFFALO NIAGARA INTERNATIONAL, NY US",2026-01-09,11.2,0.0,0.0,10.0,21,26,16,93,,,
USW00014733,"BUFFALO NIAGARA INTERNATIONAL, NY US",2026-01-10,15.4,0.0,0.0,9.0,25,30,21,92,1,,
USW00014733,"BUFFALO NIAGARA INTERNATIONAL, NY US",2026-01-11,11.2,0.02,0.2,9.0,21,27,16,43,,,1
USW00014733,"BUFFALO NIAGARA INTERNATIONAL, NY US",2026-01-12,12.4,0.0,0.0,8.0,23,29,16,85,,,
USW00014733,"BUFFALO NIAGARA INTERNATIONAL, NY US",2026-01-13,6.1,0.09,1.3,9.0,27,34,19,59,,,1
USW00014733,"BUFFALO NIAGARA INTERNATIONAL, NY US",2026-01-14,9.4,0.0,0.0,9.0,20,25,15,93,1,,
USW00014733,"BUFFALO NIAGARA INTERNATIONAL, NY US",2026-01-15,8.8,0.0,0.0,8.0,16,20,11,44,,,
USW00014733,"BUFFALO NIAGARA INTERNATIONAL, NY US",2026-01-16,5.5,1.05,14.2,22.0,18,23,13,93,,,1
USW00014733,"BUFFALO NIAGARA INTERNATIONAL, NY US",2026-01-17,7.4,0.85,11.3,32.0,15,20,9,87,,,1
USW00014733,"BUFFALO NIAGARA INTERNATIONAL, NY US",2026-01-18,6.6,0.45,5.8,37.0,16,21,12,95,,,1
USW00014733,"BUFFALO NIAGARA INTERNATIONAL, NY US",2026-01-19,8.6,0.0,0.0,35.0,11,15,6,22,,,
USW00014733,"BUFFALO NIAGARA INTERNATIONAL, NY US",2026-01-20,19.6,0.0,0.0,33.0,11,21,1,19,,,
USW00014733,"BUFFALO NIAGARA INTERNATIONAL, NY US",2026-01-21,15.5,0.0,0.0,31.0,10,15,4,59,,,
USW00014733,"BUFFALO NIAGARA INTERNATIONAL, NY US",2026-01-22,26.7,0.0,0.0,30.0,12,25,-1,17,,,
USW00014733,"BUFFALO NIAGARA INTERNATIONAL, NY US",2026-01-23,18.8,0.0,0.0,28.0,13,18,7,25,,,
USW00014733,"BUFFALO NIAGARA INTERNATIONAL, NY US",2026-01-24,12.4,0.0,0.0,27.0,9,18,-1,19,,,
USW00014733,"BUFFALO NIAGARA INTERNATIONAL, NY US",2026-01-25,9.2,0.0,0.0,25.0,13,21,5,57,,,
USW00014733,"BUFFALO NIAGARA INTERNATIONAL, NY US",2026-01-26,8.8,0.0,0.0,24.0,13,26,0,19,,,
USW00014733,"BUFFALO NIAGARA INTERNATIONAL, NY US",2026-01-27,12.2,0.0,0.0,21.0,39,44,35,61,,,
USW00014733,"BUFFALO NIAGARA INTERNATIONAL, NY US",2026-01-28,6.1,0.0,0.0,18.0,38,45,32,62,,,
USW00014733,"BUFFALO NIAGARA INTERNATIONAL, NY US",2026-01-29,4.8,0.32,0.0,15.0,38,40,35,93,,,
USW00014733,"BUFFALO NIAGARA INTERNATIONAL, NY US",2026-01-30,10.4,0.0,0.0,12.0,39,47,31,48,,,
USW00014733,"BUFFALO NIAGARA INTERNATIONAL, NY US",2026-01-31,11.7,0.0,0.0,12.0,26,33,19,8,,,
USW00014733,"BUFFALO NIAGARA INTERNATIONAL, NY US",2026-02-01,17.5,0.0,0.0,11.0,23,29,18,59,,,
USW00014733,"BUFFALO NIAGARA INTERNATIONAL, NY US",2026-02-02,4.4,0.24,3.2,14.0,24,29,18,87,,,1
USW00014733,"BUFFALO NIAGARA INTERNATIONAL, NY US",2026-02-03,11.2,0.16,2.5,16.0,22,27,17,98,,,1
USW00014733,"BUFFALO NIAGARA INTERNATIONAL, NY US",2026-02-04,17.2,0.0,0.0,15.0,26,34,17,86,,,
USW00014733,"BUFFALO NIAGARA INTERNATIONAL, NY US",2026-02-05,9.4,0.0,0.0,14.0,28,33,22,61,,,
USW00014733,"BUFFALO NIAGARA INTERNATIONAL, NY US",2026-02-06,8.5,0.48,6.4,20.0,27,33,22,94,1,,1
USW00014733,"BUFFALO NIAGARA INTERNATIONAL, NY US",2026-02-07,8.3,0.0,0.0,19.0,29,35,23,57,,,
USW00014733,"BUFFALO NIAGARA INTERNATIONAL, NY US",2026-02-08,9.4,0.04,0.5,18.0,12,19,5,98,,,1
USW00014733,"BUFFALO NIAGARA INTERNATIONAL, NY US",2026-02-09,10.3,0.12,1.5,19.0,23,30,17,89,,,1
USW00014733,"BUFFALO NIAGARA INTERNATIONAL, NY US",2026-02-10,19.5,0.04,0.5,18.0,26,35,17,47,,,1
USW00014733,"BUFFALO NIAGARA INTERNATIONAL, NY US",2026-02-11,17.5,0.0,0.0,18.0,22,30,15,45,,,
USW00014733,"BUFFALO NIAGARA INTERNATIONAL, NY US",2026-02-12,10.4,0.15,2.1,19.0,25,32,18,92,,,1
USW00014733,"BUFFALO NIAGARA INTERNATIONAL, NY US",2026-02-13,15.7,0.06,0.9,19.0,19,26,13,86,,,1
USW00014733,"BUFFALO NIAGARA INTERNATIONAL, NY US",2026-02-14,8.1,0.0,0.0,18.0,21,27,14,40,,,
USW00014733,"BUFFALO NIAGARA INTERNATIONAL, NY US",2026-02-15,9.3,0.04,0.6,17.0,21,27,15,65,,,1
USW00014733,"BUFFALO NIAGARA INTERNATIONAL, NY US",2026-02-16,3.3,0.0,0.0,17.0,25,31,19,42,,,
USW00014733,"BUFFALO NIAGARA INTERNATIONAL, NY US",2026-02-17,10.9,0.0,0.0,16.0,30,38,22,96,,,
USW00014733,"BUFFALO NIAGARA INTERNATIONAL, NY US",2026-02-18,13.5,0.0,0.0,15.0,31,39,22,61,,,
USW00014733,"BUFFALO NIAGARA INTERNATIONAL, NY US",2026-02-19,25.3,0.0,0.0,14.0,25,30,19,90,1,,
USW00014733,"BUFFALO NIAGARA INTERNATIONAL, NY US",2026-02-20,8.9,0.0,0.0,14.0,24,30,17,44,,,
USW00014733,"BUFFALO NIAGARA INTERNATIONAL, NY US",2026-02-21,10.7,0.16,2.4,15.0,22,31,13,97,1,,1
USW00014733,"BUFFALO NIAGARA INTERNATIONAL, NY US",2026-02-22,12.8,0.47,6.8,21.0,30,38,23,86,1,,1
USW00014733,"BUFFALO NIAGARA INTERNATIONAL, NY US",2026-02-23,10.5,0.0,0.0,20.0,34,41,28,49,,,
USW00014733,"BUFFALO NIAGARA INTERNATIONAL, NY US",2026-02-24,11.9,0.0,0.0,19.0,24,32,15,86,,,
USW00014733,"BUFFALO NIAGARA INTERNATIONAL, NY US",2026-02-25,6.1,0.29,3.7,21.0,24,32,16,92,,,1
USW00014733,"BUFFALO NIAGARA INTERNATIONAL, NY US",2026-02-26,19.4,0.0,0.0,20.0,25,34,16,19,,,
USW00014733,"BUFFALO NIAGARA INTERNATIONAL, NY US",2026-02-27,9.1,0.04,0.5,20.0,25,31,18,17,,,1
USW00014733,"BUFFALO NIAGARA INTERNATIONAL, NY US",2026-02-28,7.4,0.0,0.0,19.0,24,30,17,19,,,
USW00014733,"BUFFALO NIAGARA INTERNATIONAL, NY US",2026-03-01,8.6,0.42,5.1,23.0,26,30,21,93,,,1
USW00014733,"BUFFALO NIAGARA INTERNATIONAL, NY US",2026-03-02,6.3,0.25,3.2,25.0,25,30,20,89,,,1
USW00014733,"BUFFALO NIAGARA INTERNATIONAL, NY US",2026-03-03,9.5,0.0,0.0,24.0,25,31,18,90,,,
USW00014733,"BUFFALO NIAGARA INTERNATIONAL, NY US",2026-03-04,17.2,0.0,0.0,22.0,35,40,30,69,,,
USW00014733,"BUFFALO NIAGARA INTERNATIONAL, NY US",2026-03-05,23.7,0.0,0.0,19.0,37,44,30,46,,,
USW00014733,"BUFFALO NIAGARA INTERNATIONAL, NY US",2026-03-06,13.8,0.0,0.0,17.0,38,44,31,55,,,
USW00014733,"BUFFALO NIAGARA INTERNATIONAL, NY US",2026-03-07,7.1,0.0,0.0,16.0,30,37,22,6,,,
USW00014733,"BUFFALO NIAGARA INTERNATIONAL, NY US",2026-03-08,13.9,0.0,0.0,15.0,29,37,21,99,,,
USW00014733,"BUFFALO NIAGARA INTERNATIONAL, NY US",2026-03-09,17.6,0.0,0.0,14.0,27,32,22,62,,,
USW00014733,"BUFFALO NIAGARA INTERNATIONAL, NY US",2026-03-10,4.5,0.0,0.0,14.0,25,32,17,88,,,
USW00014733,"BUFFALO NIAGARA INTERNATIONAL, NY US",2026-03-11,1.8,0.05,0.8,14.0,26,32,19,92,,,1
USW00014733,"BUFFALO NIAGARA INTERNATIONAL, NY US",2026-03-12,9.9,0.0,0.0,13.0,33,41,24,61,,,
USW00014733,"BUFFALO NIAGARA INTERNATIONAL, NY US",2026-03-13,3.8,0.0,0.0,11.0,37,46,27,96,,,
USW00014733,"BUFFALO NIAGARA INTERNATIONAL, NY US",2026-03-14,14.0,0.26,0.0,9.0,36,43,28,86,,,
USW00014733,"BUFFALO NIAGARA INTERNATIONAL, NY US",2026-03-15,2.8,0.0,0.0,8.0,30,38,23,93,,,
USW00014733,"BUFFALO NIAGARA INTERNATIONAL, NY US",2026-03-16,7.2,0.0,0.0,8.0,31,39,23,46,,,
USW00014733,"BUFFALO NIAGARA INTERNATIONAL, NY US",2026-03-17,14.9,0.0,0.0,7.0,34,41,26,52,,,
USW00014733,"BUFFALO NIAGARA INTERNATIONAL, NY US",2026-03-18,9.8,0.0,0.0,6.0,35,45,25,47,,,
USW00014733,"BUFFALO NIAGARA INTERNATIONAL, NY US",2026-03-19,8.4,0.06,0.0,4.0,38,44,31,49,,,
USW00014733,"BUFFALO NIAGARA INTERNATIONAL, NY US",2026-03-20,20.5,0.0,0.0,2.0,39,47,32,97,1,,
USW00014733,"BUFFALO NIAGARA INTERNATIONAL, NY US",2026-03-21,13.2,0.34,5.4,7.0,27,35,19,88,1,,1
USW00014733,"BUFFALO NIAGARA INTERNATIONAL, NY US",2026-03-22,10.4,0.0,0.0,4.0,41,51,31,43,,,
USW00014733,"BUFFALO NIAGARA INTERNATIONAL, NY US",2026-03-23,12.3,0.14,0.0,2.0,38,45,31,90,,,
USW00014733,"BUFFALO NIAGARA INTERNATIONAL, NY US",2026-03-24,9.4,0.0,0.0,0.0,42,50,35,43,,,
USW00014733,"BUFFALO NIAGARA INTERNATIONAL, NY US",2026-03-25,12.7,0.0,0.0,0.0,43,51,34,96,,,
USW00014733,"BUFFALO NIAGARA INTERNATIONAL, NY US",2026-03-26,23.7,0.0,0.0,0.0,45,56,35,98,1,,
USW00014733,"BUFFALO NIAGARA INTERNATIONAL, NY US",2026-03-27,11.6,0.0,0.0,0.0,40,47,34,20,,,
USW00014733,"BUFFALO NIAGARA INTERNATIONAL, NY US",2026-03-28,4.5,1.15,0.0,0.0,40,49,30,97,,,
USW00014733,"BUFFALO NIAGARA INTERNATIONAL, NY US",2026-03-29,17.8,0.0,0.0,0.0,37,46,29,58,,,
USW00014733,"BUFFALO NIAGARA INTERNATIONAL, NY US",2026-03-30,10.1,0.02,0.0,0.0,43,52,35,58,,,
USW00014733,"BUFFALO NIAGARA INTERNATIONAL, NY US",2026-03-31,7.7,0.05,0.0,0.0,39,47,30,8,,,
USW00014733,"BUFFALO NIAGARA INTERNATIONAL, NY US",2026-04-01,11.0,0.0,0.0,0.0,38,46,29,95,,,
USW00014733,"BUFFALO NIAGARA INTERNATIONAL, NY US",2026-04-02,7.9,0.0,0.0,0.0,42,50,34,51,,,
USW00014733,"BUFFALO NIAGARA INTERNATIONAL, NY US",2026-04-03,8.0,0.0,0.0,0.0,42,51,33,19,,,
USW00014733,"BUFFALO NIAGARA INTERNATIONAL, NY US",2026-04-04,4.6,0.0,0.0,0.0,40,48,32,97,,,
USW00014733,"BUFFALO NIAGARA INTERNATIONAL, NY US",2026-04-05,7.4,0.24,0.0,0.0,41,51,31,97,1,,
USW00014733,"BUFFALO NIAGARA INTERNATIONAL, NY US",2026-04-06,11.1,0.04,0.0,0.0,46,54,37,48,,,
USW00014733,"BUFFALO NIAGARA INTERNATIONAL, NY US",2026-04-07,7.1,0.0,0.0,0.0,42,51,33,92,,,
USW00014733,"BUFFALO NIAGARA INTERNATIONAL, NY US",2026-04-08,11.2,0.0,0.0,0.0,41,50,32,53,,,
USW00014733,"BUFFALO NIAGARA INTERNATIONAL, NY US",2026-04-09,8.6,0.3,0.0,0.0,42,50,35,51,,,
USW00014733,"BUFFALO NIAGARA INTERNATIONAL, NY US",2026-04-10,8.5,0.08,0.0,0.0,41,49,33,87,,,
USW00014733,"BUFFALO NIAGARA INTERNATIONAL, NY US",2026-04-11,8.3,0.0,0.0,0.0,43,52,34,88,,,
USW00014733,"BUFFALO NIAGARA INTERNATIONAL, NY US",2026-04-12,13.0,0.14,0.0,0.0,42,51,34,95,,,
USW00014733,"BUFFALO NIAGARA INTERNATIONAL, NY US",2026-04-13,11.4,0.09,0.0,0.0,42,51,32,47,,,
USW00014733,"BUFFALO NIAGARA INTERNATIONAL, NY US",2026-04-14,3.2,0.16,0.0,0.0,44,54,34,88,,,
USW00014733,"BUFFALO NIAGARA INTERNATIONAL, NY US",2026-04-15,6.9,0.0,0.0,0.0,48,57,40,56,,,
USW00014733,"BUFFALO NIAGARA INTERNATIONAL, NY US",2026-04-16,12.3,0.06,0.0,0.0,44,53,35,87,1,,
USW00014733,"BUFFALO NIAGARA INTERNATIONAL, NY US",2026-04-17,8.0,0.0,0.0,0.0,43,52,34,60,,,
USW00014733,"BUFFALO NIAGARA INTERNATIONAL, NY US",2026-04-18,13.6,0.0,0.0,0.0,47,56,38,51,,,
USW00014733,"BUFFALO NIAGARA INTERNATIONAL, NY US",2026-04-19,8.5,0.0,0.0,0.0,46,54,39,12,,,
USW00014733,"BUFFALO NIAGARA INTERNATIONAL, NY US",2026-04-20,6.4,0.49,0.0,0.0,48,58,38,67,,,
USW00014733,"BUFFALO NIAGARA INTERNATIONAL, NY US",2026-04-21,7.0,0.11,0.0,0.0,48,56,39,97,,,
USW00014733,"BUFFALO NIAGARA INTERNATIONAL, NY US",2026-04-22,8.2,0.34,0.0,0.0,52,61,42,89,,,
USW00014733,"BUFFALO NIAGARA INTERNATIONAL, NY US",2026-04-23,4.5,0.07,0.0,0.0,54,64,45,95,,,
USW00014733,"BUFFALO NIAGARA INTERNATIONAL, NY US",2026-04-24,8.0,0.0,0.0,0.0,52,65,40,61,,,
USW00014733,"BUFFALO NIAGARA INTERNATIONAL, NY US",2026-04-25,16.6,0.0,0.0,0.0,53,63,43,89,,,
USW00014733,"BUFFALO NIAGARA INTERNATIONAL, NY US",2026-04-26,6.1,0.03,0.0,0.0,54,63,44,87,1,,
USW00014733,"BUFFALO NIAGARA INTERNATIONAL, NY US",2026-04-27,15.4,0.0,0.0,0.0,53,65,41,98,,,
USW00014733,"BUFFALO NIAGARA INTERNATIONAL, NY US",2026-04-28,8.7,0.0,0.0,0.0,53,60,45,17,,,
USW00014733,"BUFFALO NIAGARA INTERNATIONAL, NY US",2026-04-29,2.2,0.0,0.0,0.0,49,60,39,20,,,
USW00014733,"BUFFALO NIAGARA INTERNATIONAL, NY US",2026-04-30,14.1,0.0,0.0,0.0,49,59,39,18,,,
USW00014733,"BUFFALO NIAGARA INTERNATIONAL, NY US",2026-05-01,7.1,0.0,0.0,0.0,46,57,35,10,,,
USW00014733,"BUFFALO NIAGARA INTERNATIONAL, NY US",2026-05-02,6.0,0.0,0.0,0.0,49,58,40,61,,,
USW00014733,"BUFFALO NIAGARA INTERNATIONAL, NY US",2026-05-03,8.5,0.0,0.0,0.0,48,58,37,59,,,
USW00014733,"BUFFALO NIAGARA INTERNATIONAL, NY US",2026-05-04,6.4,0.0,0.0,0.0,56,66,45,50,,,
USW00014733,"BUFFALO NIAGARA INTERNATIONAL, NY US",2026-05-05,7.9,0.14,0.0,0.0,51,60,41,100,1,,
USW00014733,"BUFFALO NIAGARA INTERNATIONAL, NY US",2026-05-06,4.8,0.0,0.0,0.0,58,66,49,62,,,
USW00014733,"BUFFALO NIAGARA INTERNATIONAL, NY US",2026-05-07,9.7,0.12,0.0,0.0,59,71,47,98,,,
USW00014733,"BUFFALO NIAGARA INTERNATIONAL, NY US",2026-05-08,5.5,0.01,0.0,0.0,59,70,47,46,,,
USW00014733,"BUFFALO NIAGARA INTERNATIONAL, NY US",2026-05-09,2.7,0.02,0.0,0.0,58,69,48,91,1,,
USW00014733,"BUFFALO NIAGARA INTERNATIONAL, NY US",2026-05-10,2.4,0.0,0.0,0.0,54,64,44,17,,,
USW00014733,"BUFFALO NIAGARA INTERNATIONAL, NY US",2026-05-11,7.0,0.0,0.0,0.0,55,66,45,63,,,
USW00014733,"BUFFALO NIAGARA INTERNATIONAL, NY US",2026-05-12,2.9,0.0,0.0,0.0,58,69,46,63,,,
USW00014733,"BUFFALO NIAGARA INTERNATIONAL, NY US",2026-05-13,4.7,0.0,0.0,0.0,57,67,46,20,,,
USW00014733,"BUFFALO NIAGARA INTERNATIONAL, NY US",2026-05-14,14.2,0.0,0.0,0.0,55,65,46,52,,,
USW00014733,"BUFFALO NIAGARA INTERNATIONAL, NY US",2026-05-15,6.5,0.0,0.0,0.0,55,65,45,7,,,
USW00014733,"BUFFALO NIAGARA INTERNATIONAL, NY US",2026-05-16,5.8,0.0,0.0,0.0,58,68,48,51,,,
USW00014733,"BUFFALO NIAGARA INTERNATIONAL, NY US",2026-05-17,6.2,0.0,0.0,0.0,56,67,44,11,,,
USW00014733,"BUFFALO NIAGARA INTERNATIONAL, NY US",2026-05-18,7.8,0.0,0.0,0.0,52,61,43,10,,,
USW00014733,"BUFFALO NIAGARA INTERNATIONAL, NY US",2026-05-19,17.9,0.0,0.0,0.0,54,63,45,63,,,
USW00014733,"BUFFALO NIAGARA INTERNATIONAL, NY US",2026-05-20,15.4,0.0,0.0,0.0,60,69,52,52,,,
USW00014733,"BUFFALO NIAGARA INTERNATIONAL, NY US",2026-05-21,8.1,0.0,0.0,0.0,58,68,49,46,,,
USW00014733,"BUFFALO NIAGARA INTERNATIONAL, NY US",2026-05-22,12.3,0.0,0.0,0.0,57,67,48,25,,,
USW00014733,"BUFFALO NIAGARA INTERNATIONAL, NY US",2026-05-23,5.9,0.0,0.0,0.0,62,72,53,21,,,
USW00014733,"BUFFALO NIAGARA INTERNATIONAL, NY US",2026-05-24,7.9,0.0,0.0,0.0,65,77,54,8,,,
USW00014733,"BUFFALO NIAGARA INTERNATIONAL, NY US",2026-05-25,6.5,0.0,0.0,0.0,63,71,55,60,,,
USW00014733,"BUFFALO NIAGARA INTERNATIONAL, NY US",2026-05-26,2.6,0.0,0.0,0.0,64,72,56,44,,,
USW00014733,"BUFFALO NIAGARA INTERNATIONAL, NY US",2026-05-27,3.1,0.0,0.0,0.0,69,80,58,58,,,
USW00014733,"BUFFALO NIAGARA INTERNATIONAL, NY US",2026-05-28,10.6,0.0,0.0,0.0,66,77,55,61,,,
USW00014733,"BUFFALO NIAGARA INTERNATIONAL, NY US",2026-05-29,7.9,0.55,0.0,0.0,67,77,56,99,1,1,
USW00014733,"BUFFALO NIAGARA INTERNATIONAL, NY US",2026-05-30,13.0,0.0,0.0,0.0,66,75,56,23,,,
USW00014733,"BUFFALO NIAGARA INTERNATIONAL, NY US",2026-05-31,3.1,0.17,0.0,0.0,64,73,55,95,1,,
USW00014733,"BUFFALO NIAGARA INTERNATIONAL, NY US",2026-06-01,15.6,0.0,0.0,0.0,58,66,49,66,,,
USW00014733,"BUFFALO NIAGARA INTERNATIONAL, NY US",2026-06-02,10.6,0.0,0.0,0.0,60,71,49,92,,,
USW00014733,"BUFFALO NIAGARA INTERNATIONAL, NY US",2026-06-03,6.6,0.0,0.0,0.0,64,74,54,10,,,
USW00014733,"BUFFALO NIAGARA INTERNATIONAL, NY US",2026-06-04,0.9,0.0,0.0,0.0,66,76,57,49,,,
USW00014733,"BUFFALO NIAGARA INTERNATIONAL, NY US",2026-06-05,11.2,0.0,0.0,0.0,68,77,59,94,,,
USW00014733,"BUFFALO NIAGARA INTERNATIONAL, NY US",2026-06-06,10.9,0.21,0.0,0.0,65,76,54,62,,,
USW00014733,"BUFFALO NIAGARA INTERNATIONAL, NY US",2026-06-07,5.1,0.0,0.0,0.0,65,75,54,57,,,
USW00014733,"BUFFALO NIAGARA INTERNATIONAL, NY US",2026-06-08,6.6,0.0,0.0,0.0,64,75,53,44,,,
USW00014733,"BUFFALO NIAGARA INTERNATIONAL, NY US",2026-06-09,3.3,0.0,0.0,0.0,63,73,52,14,,,
USW00014733,"BUFFALO NIAGARA INTERNATIONAL, NY US",2026-06-10,7.0,0.48,0.0,0.0,66,76,56,87,,1,
USW00014733,"BUFFALO NIAGARA INTERNATIONAL, NY US",2026-06-11,6.0,0.0,0.0,0.0,67,75,59,21,,,
USW00014733,"BUFFALO NIAGARA INTERNATIONAL, NY US",2026-06-12,5.1,0.32,0.0,0.0,62,69,56,91,1,1,
USW00014733,"BUFFALO NIAGARA INTERNATIONAL, NY US",2026-06-13,17.3,0.49,0.0,0.0,61,67,55,93,,1,
USW00014733,"BUFFALO NIAGARA INTERNATIONAL, NY US",2026-06-14,11.0,0.26,0.0,0.0,62,66,58,97,,,
USW00014733,"BUFFALO NIAGARA INTERNATIONAL, NY US",2026-06-15,7.7,0.31,0.0,0.0,63,67,59,89,,1,
USW00014733,"BUFFALO NIAGARA INTERNATIONAL, NY US",2026-06-16,4.6,0.49,0.0,0.0,62,66,59,89,1,1,
USW00014733,"BUFFALO NIAGARA INTERNATIONAL, NY US",2026-06-17,14.0,0.0,0.0,0.0,67,76,57,6,,,
USW00014733,"BUFFALO NIAGARA INTERNATIONAL, NY US",2026-06-18,3.3,0.38,0.0,0.0,68,78,58,91,,1,
USW00014733,"BUFFALO NIAGARA INTERNATIONAL, NY US",2026-06-19,15.0,0.15,0.0,0.0,74,85,64,97,,,
USW00014733,"BUFFALO NIAGARA INTERNATIONAL, NY US",2026-06-20,5.2,0.0,0.0,0.0,74,84,64,63,,,
USW00014733,"BUFFALO NIAGARA INTERNATIONAL, NY US",2026-06-21,13.9,0.0,0.0,0.0,68,77,59,68,,,
USW00014733,"BUFFALO NIAGARA INTERNATIONAL, NY US",2026-06-22,5.9,0.0,0.0,0.0,63,74,53,25,,,
USW00014733,"BUFFALO NIAGARA INTERNATIONAL, NY US",2026-06-23,4.6,0.0,0.0,0.0,61,71,52,18,,,
USW00014733,"BUFFALO NIAGARA INTERNATIONAL, NY US",2026-06-24,7.2,0.0,0.0,0.0,61,71,51,52,,,
USW00014733,"BUFFALO NIAGARA INTERNATIONAL, NY US",2026-06-25,2.8,0.16,0.0,0.0,61,70,52,99,1,,
USW00014733,"BUFFALO NIAGARA INTERNATIONAL, NY US",2026-06-26,12.4,0.04,0.0,0.0,60,70,50,21,,,
USW00014733,"BUFFALO NIAGARA INTERNATIONAL, NY US",2026-06-27,11.2,0.25,0.0,0.0,65,74,56,49,,,
USW00014733,"BUFFALO NIAGARA INTERNATIONAL, NY US",2026-06-28,9.8,0.0,0.0,0.0,65,75,56,86,1,,
USW00014733,"BUFFALO NIAGARA INTERNATIONAL, NY US",2026-06-29,11.5,0.0,0.0,0.0,66,73,59,99,1,,
USW00014733,"BUFFALO NIAGARA INTERNATIONAL, NY US",2026-06-30,3.5,0.0,0.0,0.0,68,77,59,10,,,
USW00014733,"BUFFALO NIAGARA INTERNATIONAL, NY US",2026-07-01,2.4,0.0,0.0,0.0,72,79,64,14,,,
USW00014733,"BUFFALO NIAGARA INTERNATIONAL, NY US",2026-07-02,8.7,0.0,0.0,0.0,75,84,66,89,1,,
USW00014733,"BUFFALO NIAGARA INTERNATIONAL, NY US",2026-07-03,12.2,0.51,0.0,0.0,65,77,53,89,,1,
USW00014733,"BUFFALO NIAGARA INTERNATIONAL, NY US",2026-07-04,7.9,0.0,0.0,0.0,65,74,55,14,,,
USW00014733,"BUFFALO NIAGARA INTERNATIONAL, NY US",2026-07-05,4.5,0.0,0.0,0.0,70,78,62,10,,,
USW00014733,"BUFFALO NIAGARA INTERNATIONAL, NY US",2026-07-06,5.4,0.01,0.0,0.0,67,75,58,13,,,
USW00014733,"BUFFALO NIAGARA INTERNATIONAL, NY US",2026-07-07,9.6,0.05,0.0,0.0,69,79,59,44,,,
USW00014733,"BUFFALO NIAGARA INTERNATIONAL, NY US",2026-07-08,7.8,0.22,0.0,0.0,71,81,60,93,,,
USW00014733,"BUFFALO NIAGARA INTERNATIONAL, NY US",2026-07-09,16.3,0.0,0.0,0.0,74,84,65,61,,,
USW00014733,"BUFFALO NIAGARA INTERNATIONAL, NY US",2026-07-10,9.7,0.0,0.0,0.0,68,78,59,15,,,
USW00014733,"BUFFALO NIAGARA INTERNATIONAL, NY US",2026-07-11,9.2,0.0,0.0,0.0,67,77,57,70,,,
USW00014733,"BUFFALO NIAGARA INTERNATIONAL, NY US",2026-07-12,7.0,0.9,0.0,0.0,69,79,59,92,,1,
USW00014733,"BUFFALO NIAGARA INTERNATIONAL, NY US",2026-07-13,7.9,0.0,0.0,0.0,72,81,63,7,,,
USW00014733,"BUFFALO NIAGARA INTERNATIONAL, NY US",2026-07-14,8.8,0.0,0.0,0.0,86,95,76,22,,,
USW00014733,"BUFFALO NIAGARA INTERNATIONAL, NY US",2026-07-15,2.2,0.0,0.0,0.0,83,94,73,7,,,
USW00014733,"BUFFALO NIAGARA INTERNATIONAL, NY US",2026-07-16,7.4,0.0,0.0,0.0,84,93,74,14,,,
USW00014733,"BUFFALO NIAGARA INTERNATIONAL, NY US",2026-07-17,7.2,0.0,0.0,0.0,84,96,73,67,,,
USW00014733,"BUFFALO NIAGARA INTERNATIONAL, NY US",2026-07-18,4.1,0.0,0.0,0.0,84,94,74,16,,,
USW00014733,"BUFFALO NIAGARA INTERNATIONAL, NY US",2026-07-19,7.1,0.0,0.0,0.0,85,95,76,21,,,
USW00014733,"BUFFALO NIAGARA INTERNATIONAL, NY US",2026-07-20,7.9,0.0,0.0,0.0,86,96,76,15,,,
USW00014733,"BUFFALO NIAGARA INTERNATIONAL, NY US",2026-07-21,7.9,0.0,0.0,0.0,63,71,56,42,,,
USW00014733,"BUFFALO NIAGARA INTERNATIONAL, NY US",2026-07-22,6.9,0.0,0.0,0.0,62,69,56,49,,,
USW00014733,"BUFFALO NIAGARA INTERNATIONAL, NY US",2026-07-23,6.7,0.0,0.0,0.0,60,68,52,8,,,
USW00014733,"BUFFALO NIAGARA INTERNATIONAL, NY US",2026-07-24,7.3,0.0,0.0,0.0,68,76,59,41,,,
USW00014733,"BUFFALO NIAGARA INTERNATIONAL, NY US",2026-07-25,8.6,0.0,0.0,0.0,69,77,60,41,,,
USW00014733,"BUFFALO NIAGARA INTERNATIONAL, NY US",2026-07-26,6.9,0.0,0.0,0.0,70,80,60,11,,,
USW00014733,"BUFFALO NIAGARA INTERNATIONAL, NY US",2026-07-27,4.3,0.0,0.0,0.0,75,85,65,63,,,
USW00014733,"BUFFALO NIAGARA INTERNATIONAL, NY US",2026-07-28,6.5,0.0,0.0,0.0,69,77,62,19,,,
USW00014733,"BUFFALO NIAGARA INTERNATIONAL, NY US",2026-07-29,3.5,0.0,0.0,0.0,71,77,64,64,,,
USW00014733,"BUFFALO NIAGARA INTERNATIONAL, NY US",2026-07-30,6.9,0.0,0.0,0.0,75,83,66,65,,,
USW00014733,"BUFFALO NIAGARA INTERNATIONAL, NY US",2026-07-31,16.2,0.0,0.0,0.0,76,87,64,52,,,
USW00014733,"BUFFALO NIAGARA INTERNATIONAL, NY US",2026-08-01,7.7,0.0,0.0,0.0,80,89,70,24,,,
USW00014733,"BUFFALO NIAGARA INTERNATIONAL, NY US",2026-08-02,5.3,0.0,0.0,0.0,73,82,64,66,,,
USW00014733,"BUFFALO NIAGARA INTERNATIONAL, NY US",2026-08-03,8.2,0.0,0.0,0.0,73,82,64,50,,,
USW00014733,"BUFFALO NIAGARA INTERNATIONAL, NY US",2026-08-04,9.5,0.0,0.0,0.0,72,82,63,61,,,
USW00014733,"BUFFALO NIAGARA INTERNATIONAL, NY US",2026-08-05,5.6,0.0,0.0,0.0,73,81,64,21,,,
USW00014733,"BUFFALO NIAGARA INTERNATIONAL, NY US",2026-08-06,6.4,0.0,0.0,0.0,69,77,60,63,,,
USW00014733,"BUFFALO NIAGARA INTERNATIONAL, NY US",2026-08-07,9.0,0.0,0.0,0.0,69,78,60,19,,,
USW00014733,"BUFFALO NIAGARA INTERNATIONAL, NY US",2026-08-08,16.7,0.0,0.0,0.0,73,80,66,7,,,
USW00014733,"BUFFALO NIAGARA INTERNATIONAL, NY US",2026-08-09,10.6,0.0,0.0,0.0,71,80,61,63,,,
USW00014733,"BUFFALO NIAGARA INTERNATIONAL, NY US",2026-08-10,5.1,0.0,0.0,0.0,71,81,61,49,,,
USW00014733,"BUFFALO NIAGARA INTERNATIONAL, NY US",2026-08-11,7.8,0.0,0.0,0.0,73,80,65,54,,,
USW00014733,"BUFFALO NIAGARA INTERNATIONAL, NY US",2026-08-12,3.8,0.0,0.0,0.0,67,74,60,45,,,
USW00014733,"BUFFALO NIAGARA INTERNATIONAL, NY US",2026-08-13,9.2,0.0,0.0,0.0,71,80,62,13,,,
USW00014733,"BUFFALO NIAGARA INTERNATIONAL, NY US",2026-08-14,13.0,0.0,0.0,0.0,68,77,60,67,,,
USW00014733,"BUFFALO NIAGARA INTERNATIONAL, NY US",2026-08-15,6.9,0.0,0.0,0.0,69,77,60,51,,,
USW00014733,"BUFFALO NIAGARA INTERNATIONAL, NY US",2026-08-16,6.6,0.0,0.0,0.0,65,75,55,7,,,
USW00014733,"BUFFALO NIAGARA INTERNATIONAL, NY US",2026-08-17,4.3,0.92,0.0,0.0,66,75,58,87,,1,
USW00014733,"BUFFALO NIAGARA INTERNATIONAL, NY US",2026-08-18,1.2,0.0,0.0,0.0,67,74,61,52,,,
USW00014733,"BUFFALO NIAGARA INTERNATIONAL, NY US",2026-08-19,7.5,0.03,0.0,0.0,66,75,58,22,,,
USW00014733,"BUFFALO NIAGARA INTERNATIONAL, NY US",2026-08-20,7.5,0.0,0.0,0.0,65,72,58,47,,,
USW00014733,"BUFFALO NIAGARA INTERNATIONAL, NY US",2026-08-21,8.1,0.0,0.0,0.0,68,78,58,89,,,
USW00014733,"BUFFALO NIAGARA INTERNATIONAL, NY US",2026-08-22,1.6,0.0,0.0,0.0,64,74,53,19,,,
USW00014733,"BUFFALO NIAGARA INTERNATIONAL, NY US",2026-08-23,6.9,0.0,0.0,0.0,65,72,59,20,,,
USW00014733,"BUFFALO NIAGARA INTERNATIONAL, NY US",2026-08-24,5.3,0.07,0.0,0.0,68,77,59,52,,,
USW00014733,"BUFFALO NIAGARA INTERNATIONAL, NY US",2026-08-25,11.8,0.0,0.0,0.0,65,73,57,13,,,
USW00014733,"BUFFALO NIAGARA INTERNATIONAL, NY US",2026-08-26,7.3,0.0,0.0,0.0,68,76,60,10,,,
USW00014733,"BUFFALO NIAGARA INTERNATIONAL, NY US",2026-08-27,16.2,0.0,0.0,0.0,71,82,60,9,,,
USW00014733,"BUFFALO NIAGARA INTERNATIONAL, NY US",2026-08-28,11.2,0.0,0.0,0.0,66,73,59,94,,,
USW00014733,"BUFFALO NIAGARA INTERNATIONAL, NY US",2026-08-29,6.5,0.34,0.0,0.0,62,71,54,40,,1,
USW00014733,"BUFFALO NIAGARA INTERNATIONAL, NY US",2026-08-30,7.8,0.0,0.0,0.0,63,70,55,48,,,
USW00014733,"BUFFALO NIAGARA INTERNATIONAL, NY US",2026-08-31,6.5,0.0,0.0,0.0,66,75,56,66,,,
